experiment_id,p_hat_last,alpha_last,beta_last,n_used,y_used,ess_w
W60m__IMBALANCE_ADJUSTED__RAW_N__sequential_update,0.9999813837624225,53715.54695740161,1.0,53714.54695736849,53714.54695736849,33871.94288720819
