experiment_id,p_hat_last,alpha_last,beta_last,n_used,y_used,ess_w
W5m__IMBALANCE_ADJUSTED__RAW_N__sequential_update,0.9998644900752602,7378.533284521205,1.0,7377.533284521572,7377.533284521572,4669.628650748101
