experiment_id,p_hat_last,alpha_last,beta_last,n_used,y_used,ess_w
W30m__IMBALANCE_ADJUSTED__RAW_N__sequential_update,0.999960418899942,25263.583312150462,1.0,25262.583312144587,25262.583312144587,15842.383452576276
